timestamp,distance(m),azimuth(deg),elevation(deg),phase_diff
2025-08-21 16:17:45,1.77,-81.0,43.0,{}
2025-08-21 16:17:45,1.75,-86.0,41.0,{"1-0": 11.299667684598367, "2-1": 122.52946419368611, "3-2": -21.903388482481148, "0-3": -111.92574339580335}
2025-08-21 16:17:45,1.76,-90.0,40.0,{"1-0": 3.966752377586245, "2-1": 125.77132047831303, "3-2": -9.047516503505122, "0-3": -120.69055635239414}
2025-08-21 16:17:45,1.74,-87.0,40.0,{"1-0": -3.7980172552244076, "2-1": 128.43158714565604, "3-2": -1.7099866983707757, "0-3": -122.92358319206086}
2025-08-21 16:17:45,1.75,-89.0,37.0,{"1-0": 9.189164520742302, "2-1": 121.61260246378032, "3-2": -1.8816190553733743, "0-3": -128.92014792914924}
2025-08-21 16:17:45,1.78,-90.0,39.0,{"1-0": 3.095330877492263, "2-1": 126.84467152258964, "3-2": 2.6320635398366843, "0-3": -132.5720659399186}
2025-08-21 16:17:45,1.74,-82.0,40.0,{"1-0": 3.270817629464361, "2-1": 124.01574842698581, "3-2": 3.380523901323661, "0-3": -130.6670899577738}
2025-08-21 16:17:45,1.76,-89.0,41.0,{"1-0": 12.342348790242617, "2-1": 126.41370872501115, "3-2": -16.61167403450443, "0-3": -122.14438348074935}
2025-08-21 16:17:45,1.76,-87.0,40.0,{"1-0": 3.442592669372735, "2-1": 121.21337848184733, "3-2": 0.9948178046647839, "0-3": -125.65078895588485}
2025-08-21 16:17:45,1.75,-88.0,39.0,{"1-0": 8.315952424223894, "2-1": 120.99697630565429, "3-2": -1.212447238799493, "0-3": -128.1004814910787}
2025-08-21 16:17:46,1.75,-89.0,41.0,{"1-0": 1.0409794732912527, "2-1": 129.8183020635836, "3-2": -5.121323677618259, "0-3": -125.73795785925657}
2025-08-21 16:17:46,1.75,-87.0,43.0,{"1-0": 4.837812237426505, "2-1": 118.07914085123413, "3-2": 4.279153374116514, "0-3": -127.19610646277714}
2025-08-21 16:17:46,1.76,-85.0,40.0,{"1-0": 3.803448790784714, "2-1": 121.43156439705719, "3-2": -7.868386267678539, "0-3": -117.36662692016337}
2025-08-21 16:17:46,1.75,-85.0,42.0,{"1-0": 6.397695851779719, "2-1": 126.42673917196194, "3-2": -11.305148952598127, "0-3": -121.5192860711435}
2025-08-21 16:17:46,1.75,-90.0,41.0,{"1-0": 5.252045794339394, "2-1": 125.16712705410716, "3-2": -12.021332500993433, "0-3": -118.39784034745311}
2025-08-21 16:17:46,1.75,-82.0,42.0,{"1-0": -4.676183282065717, "2-1": 126.59930432038203, "3-2": -1.0317475023202076, "0-3": -120.89137353599614}
2025-08-21 16:17:46,1.75,-88.0,41.0,{"1-0": 14.119231614602693, "2-1": 122.45405614690466, "3-2": -17.7827000864708, "0-3": -118.79058767503655}
2025-08-21 16:17:46,1.77,-87.0,39.0,{"1-0": 3.5504508500963943, "2-1": 124.38453167485586, "3-2": -4.43997554533104, "0-3": -123.49500697962122}
2025-08-21 16:17:46,1.74,-87.0,42.0,{"1-0": 0.6708471314691261, "2-1": 130.9284107641541, "3-2": -9.009875503945555, "0-3": -122.58938239167769}
2025-08-21 16:17:46,1.76,-86.0,40.0,{"1-0": 1.0051632641413772, "2-1": 124.61586744691562, "3-2": -9.490999134161683, "0-3": -116.13003157689532}
2025-08-21 16:17:47,1.75,-84.0,42.0,{"1-0": 7.011394895192515, "2-1": 126.02033381024667, "3-2": -9.03514706548776, "0-3": -123.99658163995142}
2025-08-21 16:17:47,1.75,-82.0,42.0,{"1-0": 7.81861875785999, "2-1": 123.69989690383409, "3-2": -15.132515431901787, "0-3": -116.38600022979229}
2025-08-21 16:17:47,1.76,-85.0,41.0,{"1-0": 10.094923066842204, "2-1": 125.34968934079829, "3-2": -21.084165371490496, "0-3": -114.36044703615}
2025-08-21 16:17:47,1.75,-81.0,40.0,{"1-0": 10.093580468823157, "2-1": 121.59470256919695, "3-2": -8.88241645939811, "0-3": -122.80586657862199}
2025-08-21 16:17:47,1.76,-85.0,41.0,{"1-0": 13.685179762024703, "2-1": 125.87970400644214, "3-2": -19.18710417831506, "0-3": -120.37777959015179}
2025-08-21 16:17:47,1.77,-87.0,40.0,{"1-0": 6.196830708601425, "2-1": 126.05974906303351, "3-2": -11.130613000729744, "0-3": -121.1259667709052}
2025-08-21 16:17:47,1.75,-85.0,39.0,{"1-0": 7.985712927719772, "2-1": 123.24242263632767, "3-2": -3.9930282694009676, "0-3": -127.23510729464647}
2025-08-21 16:17:47,1.75,-87.0,40.0,{"1-0": 13.31720573862177, "2-1": 122.9830274704429, "3-2": -6.07145781541869, "0-3": -130.228775393646}
2025-08-21 16:17:47,1.75,-84.0,41.0,{"1-0": 5.787271017706278, "2-1": 124.17685998706708, "3-2": -6.003614399517613, "0-3": -123.96051660525573}
2025-08-21 16:17:47,1.75,-80.0,41.0,{"1-0": 6.527740455996399, "2-1": 128.03560810546992, "3-2": -16.733562227240093, "0-3": -117.82978633422624}
2025-08-21 16:17:48,1.76,-82.0,42.0,{"1-0": 7.696427017291368, "2-1": 133.5711644043621, "3-2": -30.633442977796303, "0-3": -110.63414844385714}
2025-08-21 16:17:48,1.74,-84.0,41.0,{"1-0": 13.393956021479084, "2-1": 121.68310474140581, "3-2": -15.018088283960825, "0-3": -120.05897247892408}
2025-08-21 16:17:48,1.75,-88.0,38.0,{"1-0": 8.569623393956505, "2-1": 126.83865878675299, "3-2": -15.224353223718575, "0-3": -120.18392895699091}
2025-08-21 16:17:48,1.77,-88.0,42.0,{"1-0": 5.402582546362886, "2-1": 126.95919596408699, "3-2": -2.099333826750893, "0-3": -130.26244468369896}
2025-08-21 16:17:48,1.75,-88.0,41.0,{"1-0": 8.761885685217608, "2-1": 116.46944773402049, "3-2": 0.574372599241308, "0-3": -125.8057060184794}
2025-08-21 16:17:48,1.75,-87.0,38.0,{"1-0": 2.237790274238726, "2-1": 124.68306600039125, "3-2": -4.5387540164703974, "0-3": -122.38210225815958}
2025-08-21 16:17:48,1.75,-86.0,41.0,{"1-0": 1.7600693857046519, "2-1": 131.37380917832323, "3-2": -8.624771748952483, "0-3": -124.50910681507538}
2025-08-21 16:17:48,1.75,-84.0,41.0,{"1-0": 9.109351887661946, "2-1": 122.38084027941741, "3-2": -6.49237293482834, "0-3": -124.997819232251}
2025-08-21 16:17:49,1.75,-87.0,39.0,{"1-0": 2.885992792647749, "2-1": 131.14904999163312, "3-2": -20.319667280086282, "0-3": -113.71537550419458}
2025-08-21 16:17:49,1.76,-83.0,44.0,{"1-0": 4.278974023524614, "2-1": 127.70503511290599, "3-2": -6.091983788363073, "0-3": -125.89202534806753}
2025-08-21 16:17:49,1.76,-90.0,42.0,{"1-0": 12.149561472182011, "2-1": 117.54321751359151, "3-2": -12.799545359549688, "0-3": -116.89323362622383}
2025-08-21 16:17:49,1.77,-87.0,41.0,{"1-0": -0.6434102803903514, "2-1": 121.2297187452265, "3-2": 0.24664933900392835, "0-3": -120.83295780384009}
2025-08-21 16:17:49,1.77,-88.0,40.0,{"1-0": 4.590080698543218, "2-1": 123.13911262965752, "3-2": -4.58114236127899, "0-3": -123.14805096692172}
2025-08-21 16:17:49,1.76,-84.0,44.0,{"1-0": 1.8234484561576658, "2-1": 126.0303900811206, "3-2": -2.703439942890947, "0-3": -125.15039859438733}
2025-08-21 16:17:49,1.75,-88.0,43.0,{"1-0": 4.780590416967439, "2-1": 123.78275249785723, "3-2": -17.153836685046446, "0-3": -111.40950622977823}
2025-08-21 16:17:49,1.76,-85.0,42.0,{"1-0": 5.26323457365323, "2-1": 115.34095251345266, "3-2": 0.6756991728211853, "0-3": -121.2798862599271}
2025-08-21 16:17:49,1.74,-85.0,38.0,{"1-0": 10.299424639934875, "2-1": 121.1894408009433, "3-2": -9.766513766476045, "0-3": -121.72235167440213}
2025-08-21 16:17:50,1.75,-87.0,41.0,{"1-0": 6.814564662863705, "2-1": 131.13174208662534, "3-2": -12.86699323161386, "0-3": -125.0793135178752}
2025-08-21 16:17:50,1.75,-86.0,38.0,{"1-0": 2.6376157755278133, "2-1": 126.25729300905884, "3-2": -7.192395222501343, "0-3": -121.70251356208534}
2025-08-21 16:17:50,1.76,-83.0,41.0,{"1-0": 4.450938047680967, "2-1": 130.3175859980197, "3-2": -9.165182664575575, "0-3": -125.60334138112508}
2025-08-21 16:17:50,1.75,-87.0,43.0,{"1-0": 10.138758764964635, "2-1": 127.10498417969782, "3-2": -18.14143160079716, "0-3": -119.10231134386531}
2025-08-21 16:17:50,1.76,-87.0,41.0,{"1-0": 2.9806328034642053, "2-1": 122.19728611244031, "3-2": -8.519237759152523, "0-3": -116.65868115675197}
2025-08-21 16:17:50,1.76,-88.0,40.0,{"1-0": 1.7738428536453765, "2-1": 125.40104417702332, "3-2": -6.641698851306748, "0-3": -120.53318817936194}
2025-08-21 16:17:50,1.77,-86.0,42.0,{"1-0": 5.727327212578214, "2-1": 122.06654578334515, "3-2": 1.374473749675906, "0-3": -129.16834674559925}
2025-08-21 16:17:50,1.75,-90.0,40.0,{"1-0": 8.177309772384385, "2-1": 120.39237985682985, "3-2": -5.816614226995592, "0-3": -122.75307540221864}
2025-08-21 16:17:50,1.75,-83.0,40.0,{"1-0": -1.5766043063454345, "2-1": 125.6574164103304, "3-2": 1.3374649071402112, "0-3": -125.41827701112516}
2025-08-21 16:17:51,1.75,-86.0,41.0,{"1-0": 11.611742392734747, "2-1": 125.22424122502987, "3-2": -14.482822897495797, "0-3": -122.35316072026882}
2025-08-21 16:17:51,1.75,-85.0,39.0,{"1-0": 3.392590174611221, "2-1": 125.08484060691951, "3-2": -9.216182691248857, "0-3": -119.26124809028188}
2025-08-21 16:17:51,1.75,-81.0,41.0,{"1-0": 10.635162553106012, "2-1": 124.8631089243228, "3-2": -7.365436825545155, "0-3": -128.13283465188368}
2025-08-21 16:17:51,1.75,-80.0,40.0,{"1-0": 14.474254955857061, "2-1": 125.10304860542625, "3-2": -21.28452001104531, "0-3": -118.29278355023803}
2025-08-21 16:17:51,1.75,-87.0,41.0,{"1-0": 11.408330956768125, "2-1": 131.10464519242882, "3-2": -25.38440183803336, "0-3": -117.1285743111636}
2025-08-21 16:17:51,1.75,-87.0,40.0,{"1-0": 2.4297954966001694, "2-1": 126.64315261999273, "3-2": -9.243677250230352, "0-3": -119.82927086636253}
2025-08-21 16:17:51,1.75,-84.0,41.0,{"1-0": 7.88816831127596, "2-1": 122.53229474513132, "3-2": -2.1658815832395866, "0-3": -128.2545814731677}
2025-08-21 16:17:51,1.74,-89.0,39.0,{"1-0": 8.03634548283687, "2-1": 125.19696444711307, "3-2": -13.846987637191118, "0-3": -119.38632229275882}
2025-08-21 16:17:51,1.75,-89.0,40.0,{"1-0": -1.0231010236943165, "2-1": 130.33332817654383, "3-2": -5.031180268222553, "0-3": -124.27904688462696}
2025-08-21 16:17:52,1.75,-85.0,38.0,{"1-0": -2.278829593135068, "2-1": 127.69543563585215, "3-2": -3.0381027806374243, "0-3": -122.37850326207968}
2025-08-21 16:17:52,1.77,-87.0,42.0,{"1-0": 9.833623678429294, "2-1": 128.43586310008521, "3-2": -10.590654789685018, "0-3": -127.6788319888295}
2025-08-21 16:17:52,1.75,-86.0,41.0,{"1-0": 3.6515494416112677, "2-1": 122.1413033764614, "3-2": -6.357627056304768, "0-3": -119.43522576176788}
2025-08-21 16:17:52,1.75,-84.0,42.0,{"1-0": 6.658247717966873, "2-1": 123.65320710395318, "3-2": -6.31148273119615, "0-3": -123.99997209072392}
2025-08-21 16:17:52,1.78,-86.0,39.0,{"1-0": 4.487774676826191, "2-1": 126.93180669244137, "3-2": -15.78953897820607, "0-3": -115.6300423910615}
2025-08-21 16:17:52,1.74,-85.0,39.0,{"1-0": 9.241530414920376, "2-1": 124.28349834372412, "3-2": -3.8540161816174745, "0-3": -129.67101257702703}
2025-08-21 16:17:52,1.75,-85.0,39.0,{"1-0": 8.35163815328585, "2-1": 127.13848070143999, "3-2": -10.098503195953676, "0-3": -125.39161565877217}
2025-08-21 16:17:52,1.76,-87.0,40.0,{"1-0": 11.479794410427274, "2-1": 124.67644010156282, "3-2": -7.356934927474134, "0-3": -128.79929958451595}
2025-08-21 16:17:52,1.75,-81.0,42.0,{"1-0": 2.5305544952088845, "2-1": 127.99159438492909, "3-2": -8.39168567981687, "0-3": -122.13046320032112}
2025-08-21 16:17:52,1.76,-88.0,39.0,{"1-0": 13.939206575325493, "2-1": 121.93088653350688, "3-2": -18.182494621956067, "0-3": -117.68759848687631}
2025-08-21 16:17:53,1.76,-85.0,39.0,{"1-0": 7.051072848215156, "2-1": 123.30998647914251, "3-2": 1.5788747682688686, "0-3": -131.9399340956265}
2025-08-21 16:17:53,1.74,-81.0,41.0,{"1-0": 2.6428321019303285, "2-1": 133.3943324373138, "3-2": -15.02389862082697, "0-3": -121.01326591841715}
2025-08-21 16:17:53,1.75,-88.0,40.0,{"1-0": 11.965960559592059, "2-1": 128.16948170337648, "3-2": -22.73821963974542, "0-3": -117.39722262322313}
2025-08-21 16:17:53,1.75,-89.0,41.0,{"1-0": 4.292088349184725, "2-1": 122.39455038956432, "3-2": -0.5160108175891517, "0-3": -126.17062792115988}
2025-08-21 16:17:53,1.77,-87.0,42.0,{"1-0": -1.846686917730658, "2-1": 126.2197837134506, "3-2": -3.5977188583179136, "0-3": -120.77537793740204}
2025-08-21 16:17:53,1.74,-87.0,41.0,{"1-0": 5.593261385144963, "2-1": 119.84669084204366, "3-2": -4.524485996830482, "0-3": -120.91546623035812}
2025-08-21 16:17:53,1.75,-87.0,41.0,{"1-0": 1.000157474475778, "2-1": 126.47595976020929, "3-2": -8.084464060270946, "0-3": -119.3916531744141}
2025-08-21 16:17:53,1.75,-84.0,41.0,{"1-0": 3.693112607406666, "2-1": 123.26428423172818, "3-2": -5.3070399491154525, "0-3": -121.65035689001937}
2025-08-21 16:17:53,1.75,-87.0,41.0,{"1-0": 11.57585113388218, "2-1": 122.73751250794346, "3-2": -10.436420152518142, "0-3": -123.8769434893075}
2025-08-21 16:17:53,1.76,-89.0,40.0,{"1-0": 5.56289401928071, "2-1": 122.3622675335024, "3-2": -5.751285545177564, "0-3": -122.17387600760557}
2025-08-21 16:17:54,1.74,-82.0,41.0,{"1-0": 2.344781132235604, "2-1": 124.94328403725726, "3-2": -1.2431148785105643, "0-3": -126.0449502909823}
2025-08-21 16:17:54,1.74,-81.0,40.0,{"1-0": 13.09490404626566, "2-1": 123.03899635263643, "3-2": -16.660062341232006, "0-3": -119.47383805767008}
2025-08-21 16:17:54,1.75,-87.0,44.0,{"1-0": 11.746554399321564, "2-1": 129.1148820772447, "3-2": -23.569063865023736, "0-3": -117.29237261154252}
2025-08-21 16:17:54,1.74,-84.0,38.0,{"1-0": 2.2244305766842887, "2-1": 119.62206389598329, "3-2": -6.5445876263408325, "0-3": -115.30190684632679}
2025-08-21 16:17:54,1.74,-86.0,43.0,{"1-0": 9.43142572800056, "2-1": 130.1616150717584, "3-2": -15.367627303310371, "0-3": -124.22541349644862}
2025-08-21 16:17:54,1.76,-84.0,41.0,{"1-0": 4.321671081904199, "2-1": 121.39004330998495, "3-2": -8.458133741163573, "0-3": -117.25358065072558}
2025-08-21 16:17:54,1.75,-86.0,41.0,{"1-0": 7.4985718133036565, "2-1": 126.09519332750476, "3-2": -13.159968765892987, "0-3": -120.43379637491542}
2025-08-21 16:17:54,1.76,-89.0,41.0,{"1-0": 2.9277119926299333, "2-1": 126.96402846317056, "3-2": -10.057038343193833, "0-3": -119.83470211260666}
2025-08-21 16:17:54,1.75,-85.0,38.0,{"1-0": 3.3269830189949743, "2-1": 120.96682442092735, "3-2": 1.2572942952467077, "0-3": -125.55110173516903}
2025-08-21 16:17:55,1.75,-87.0,41.0,{"1-0": 12.081586424216814, "2-1": 126.05399678401658, "3-2": -8.783060627319756, "0-3": -129.35252258091364}
2025-08-21 16:17:55,1.76,-87.0,42.0,{"1-0": 3.270908367103723, "2-1": 124.53055623829424, "3-2": -7.5511138186935085, "0-3": -120.25035078670446}
2025-08-21 16:17:55,1.75,-86.0,41.0,{"1-0": 11.61906926028283, "2-1": 115.59566355795029, "3-2": -0.20231500553930265, "0-3": -127.01241781269381}
2025-08-21 16:17:55,1.75,-83.0,39.0,{"1-0": 1.9194016032364212, "2-1": 128.2944831008717, "3-2": -12.098804605804371, "0-3": -118.11508009830374}
2025-08-21 16:17:55,1.75,-85.0,39.0,{"1-0": 11.687429146054841, "2-1": 126.87440132270399, "3-2": -14.57965655277578, "0-3": -123.98217391598305}
2025-08-21 16:17:55,1.75,-87.0,42.0,{"1-0": 4.887611177035117, "2-1": 131.61750786865977, "3-2": -14.242462420227692, "0-3": -122.26265662546723}
2025-08-21 16:17:55,1.77,-84.0,41.0,{"1-0": 4.5091554768373205, "2-1": 121.41456498815408, "3-2": -4.0349614666673554, "0-3": -121.88875899832405}
2025-08-21 16:17:55,1.75,-83.0,41.0,{"1-0": 11.443846971399482, "2-1": 122.20001514473167, "3-2": -9.716363136100298, "0-3": -123.92749898003083}
2025-08-21 16:17:55,1.77,-85.0,42.0,{"1-0": 8.885473039294252, "2-1": 126.29762333028715, "3-2": -16.30084354677993, "0-3": -118.88225282280146}
2025-08-21 16:17:55,1.75,-85.0,42.0,{"1-0": 16.267468049776507, "2-1": 113.86786556905797, "3-2": -3.9150404708314124, "0-3": -126.22029314800304}
2025-08-21 16:17:56,1.75,-82.0,42.0,{"1-0": 9.360053093422865, "2-1": 119.61318696388794, "3-2": -8.736119441569869, "0-3": -120.23712061574089}
2025-08-21 16:17:56,1.75,-87.0,40.0,{"1-0": 14.494338681471312, "2-1": 119.9491565396118, "3-2": -15.167403312001325, "0-3": -119.27609190908181}
2025-08-21 16:17:56,1.76,-89.0,41.0,{"1-0": 9.109805646429308, "2-1": 119.34775445064064, "3-2": 0.5358406544866741, "0-3": -128.99340075155663}
2025-08-21 16:17:56,1.76,-86.0,42.0,{"1-0": 1.0901909999435402, "2-1": 123.2491270659738, "3-2": -0.6071488813186445, "0-3": -123.7321691845987}
2025-08-21 16:17:56,1.75,-86.0,42.0,{"1-0": 8.840721256372712, "2-1": 119.8969927917162, "3-2": -4.808971694228853, "0-3": -123.92874235386005}
2025-08-21 16:17:56,1.74,-89.0,40.0,{"1-0": 8.209425003745537, "2-1": 120.11517776418424, "3-2": -7.0784072147649315, "0-3": -121.24619555316482}
2025-08-21 16:17:56,1.75,-85.0,41.0,{"1-0": -1.0943532248731873, "2-1": 127.16338394925152, "3-2": -2.9014744721493457, "0-3": -123.167556252229}
2025-08-21 16:17:56,1.75,-88.0,38.0,{"1-0": 6.604015530279514, "2-1": 125.27205590327485, "3-2": -9.9011061115516, "0-3": -121.97496532200277}
2025-08-21 16:17:56,1.77,-83.0,38.0,{"1-0": -0.5012489480943533, "2-1": 131.45008881343455, "3-2": -6.685095377049097, "0-3": -124.26374448829107}
2025-08-21 16:17:56,1.75,-81.0,39.0,{"1-0": 15.171909886947729, "2-1": 125.2282299347802, "3-2": -11.230681285920166, "0-3": -129.16945853580776}
2025-08-21 16:17:57,1.76,-83.0,39.0,{"1-0": 10.587857381247915, "2-1": 131.60039394093252, "3-2": -23.19731567021995, "0-3": -118.99093565196048}
2025-08-21 16:17:57,1.73,-85.0,40.0,{"1-0": 8.98830358497314, "2-1": 130.66114535170107, "3-2": -18.276486581492627, "0-3": -121.3729623551816}
2025-08-21 16:17:57,1.76,-86.0,39.0,{"1-0": 6.384923293225246, "2-1": 128.00477426820666, "3-2": -12.656995040971688, "0-3": -121.73270252046021}
2025-08-21 16:17:57,1.76,-85.0,42.0,{"1-0": 10.007490520346385, "2-1": 123.11624114426512, "3-2": -3.9671744128801514, "0-3": -129.15655725173133}
2025-08-21 16:17:57,1.75,-87.0,40.0,{"1-0": 6.513117112585554, "2-1": 123.68981321522271, "3-2": -10.552189161282774, "0-3": -119.65074116652549}
2025-08-21 16:17:57,1.75,-84.0,39.0,{"1-0": 5.168220053756636, "2-1": 125.13670298017061, "3-2": -5.3114326965053715, "0-3": -124.99349033742189}
2025-08-21 16:17:57,1.74,-83.0,43.0,{"1-0": 6.146979619652572, "2-1": 132.4819367416416, "3-2": -17.703855122889482, "0-3": -120.92506123840465}
2025-08-21 16:17:57,1.75,-86.0,41.0,{"1-0": 12.47043975571933, "2-1": 118.81658496388616, "3-2": -11.62395510990304, "0-3": -119.66306960970246}
2025-08-21 16:17:57,1.74,-85.0,41.0,{"1-0": 2.472796442299094, "2-1": 127.10402733909993, "3-2": -10.752494741364126, "0-3": -118.8243290400349}
2025-08-21 16:17:57,1.76,-88.0,44.0,{"1-0": 6.726071339490263, "2-1": 125.20366057381847, "3-2": -10.351280103765005, "0-3": -121.57845180954374}
2025-08-21 16:17:58,1.75,-88.0,40.0,{"1-0": 6.026515282513497, "2-1": 113.97033541792248, "3-2": -0.30476037699480124, "0-3": -119.69209032344118}
2025-08-21 16:17:58,1.75,-82.0,42.0,{"1-0": 0.6659059964780033, "2-1": 126.72492335049758, "3-2": -4.3036213251876365, "0-3": -123.08720802178793}
2025-08-21 16:17:58,1.77,-83.0,42.0,{"1-0": 9.099568095331124, "2-1": 125.36261300979503, "3-2": -19.113330939931544, "0-3": -115.3488501651946}
2025-08-21 16:17:58,1.75,-84.0,41.0,{"1-0": 6.5923120154158195, "2-1": 126.28004710290465, "3-2": -19.540986885745173, "0-3": -113.3313722325753}
2025-08-21 16:17:58,1.75,-85.0,42.0,{"1-0": 7.153569848398139, "2-1": 127.16368261515896, "3-2": -16.077758468676294, "0-3": -118.23949399488079}
2025-08-21 16:17:58,1.74,-85.0,40.0,{"1-0": 3.179502073131579, "2-1": 125.34180576439559, "3-2": -13.766289242729883, "0-3": -114.75501859479726}
2025-08-21 16:17:58,1.76,-87.0,39.0,{"1-0": 8.023773083053728, "2-1": 124.65115434995298, "3-2": -8.694890838206392, "0-3": -123.98003659480032}
2025-08-21 16:17:58,1.77,-91.0,41.0,{"1-0": 5.882223542245271, "2-1": 126.25202328903426, "3-2": -3.4428577440738835, "0-3": -128.69138908720564}
2025-08-21 16:17:58,1.75,-83.0,42.0,{"1-0": 1.3572598187886116, "2-1": 120.09542712417989, "3-2": 5.5973951533446, "0-3": -127.0500820963131}
2025-08-21 16:17:58,1.77,-84.0,44.0,{"1-0": 6.891874817058831, "2-1": 127.02762201049867, "3-2": -18.39211049662937, "0-3": -115.52738633092811}
2025-08-21 16:17:59,1.75,-89.0,43.0,{"1-0": 11.769377235196528, "2-1": 116.27419484408635, "3-2": -9.343258749397158, "0-3": -118.70031332988572}
2025-08-21 16:17:59,1.75,-84.0,40.0,{"1-0": 2.549827749702259, "2-1": 118.41334436340462, "3-2": -0.014734349369966704, "0-3": -120.94843776373692}
2025-08-21 16:17:59,1.75,-88.0,42.0,{"1-0": 9.972056800201841, "2-1": 124.44341906841223, "3-2": -10.979555757069255, "0-3": -123.43592011154483}
2025-08-21 16:17:59,1.76,-88.0,40.0,{"1-0": 0.9760533763409448, "2-1": 125.15111056829423, "3-2": -6.921436037411901, "0-3": -119.20572790722326}
2025-08-21 16:17:59,1.78,-84.0,40.0,{"1-0": 2.821183529882676, "2-1": 124.84360097723004, "3-2": -3.037224406033508, "0-3": -124.6275601010792}
2025-08-21 16:17:59,1.75,-83.0,42.0,{"1-0": 8.63175151331262, "2-1": 126.57847639377867, "3-2": -13.527524857249496, "0-3": -121.6827030498418}
2025-08-21 16:17:59,1.76,-87.0,40.0,{"1-0": 8.371364702360342, "2-1": 124.68473270962691, "3-2": -16.324060537921216, "0-3": -116.73203687406607}
2025-08-21 16:17:59,1.76,-85.0,39.0,{"1-0": 8.426554878849508, "2-1": 123.36518983152834, "3-2": -3.7638871316057543, "0-3": -128.02785757877209}
2025-08-21 16:17:59,1.74,-85.0,41.0,{"1-0": 8.111406860598244, "2-1": 126.2707107302767, "3-2": -9.158857848148122, "0-3": -125.22325974272684}
2025-08-21 16:17:59,1.77,-86.0,41.0,{"1-0": 6.670034195682462, "2-1": 125.38119678789027, "3-2": -10.278052227799767, "0-3": -121.77317875577299}
2025-08-21 16:18:00,1.75,-83.0,42.0,{"1-0": 5.239401900034041, "2-1": 124.72680388998727, "3-2": -8.103977470940489, "0-3": -121.86222831908084}
2025-08-21 16:18:00,1.74,-88.0,37.0,{"1-0": 7.511872430197795, "2-1": 126.85847491450556, "3-2": -18.330640285802357, "0-3": -116.03970705890099}
2025-08-21 16:18:00,1.75,-87.0,40.0,{"1-0": -1.0082664353165443, "2-1": 133.6263205481748, "3-2": -5.702926487055263, "0-3": -126.91512762580298}
2025-08-21 16:18:00,1.76,-89.0,41.0,{"1-0": 2.2534146266933273, "2-1": 127.74266589106051, "3-2": -7.4413987421111, "0-3": -122.55468177564273}
2025-08-21 16:18:00,1.75,-84.0,41.0,{"1-0": 4.244059475876593, "2-1": 119.97602692103712, "3-2": 2.0104462282114155, "0-3": -126.23053262512512}
2025-08-21 16:18:00,1.75,-85.0,40.0,{"1-0": 5.382940296344669, "2-1": 128.7389192342201, "3-2": -18.10412262194344, "0-3": -116.01773690862133}
2025-08-21 16:18:00,1.74,-84.0,40.0,{"1-0": 7.157835227663483, "2-1": 126.32679580815503, "3-2": -11.955203271317457, "0-3": -121.52942776450105}
2025-08-21 16:18:00,1.78,-87.0,40.0,{"1-0": 4.495279745255656, "2-1": 130.43834387178978, "3-2": -17.5313919598295, "0-3": -117.40223165721595}
2025-08-21 16:18:00,1.75,-84.0,41.0,{"1-0": 5.533629381700743, "2-1": 124.8160927901552, "3-2": -6.1552101833921045, "0-3": -124.19451198846384}
2025-08-21 16:18:00,1.75,-84.0,40.0,{"1-0": 9.504605460341578, "2-1": 124.10799364377067, "3-2": -14.108286610721338, "0-3": -119.50431249339093}
2025-08-21 16:18:01,1.76,-86.0,41.0,{"1-0": 3.836037991770784, "2-1": 131.2332258377331, "3-2": -18.691985163721164, "0-3": -116.37727866578273}
2025-08-21 16:18:01,1.74,-89.0,40.0,{"1-0": 5.91603053275143, "2-1": 123.53276056539195, "3-2": -8.907967373053614, "0-3": -120.5408237250898}
2025-08-21 16:18:01,1.76,-86.0,41.0,{"1-0": 1.4960783440441736, "2-1": 125.04405206078769, "3-2": -2.040066035309888, "0-3": -124.50006436952198}
2025-08-21 16:18:01,1.76,-82.0,41.0,{"1-0": -0.2934943038486576, "2-1": 129.16102618629515, "3-2": -12.182172512060596, "0-3": -116.68535937038591}
2025-08-21 16:18:01,1.75,-86.0,42.0,{"1-0": 8.726105669717088, "2-1": 128.528313147685, "3-2": -22.70535926983984, "0-3": -114.54905954756224}
2025-08-21 16:18:01,1.77,-84.0,42.0,{"1-0": 3.795530868072988, "2-1": 123.18867715339688, "3-2": -8.3263666047421, "0-3": -118.65784141672778}
2025-08-21 16:18:01,1.75,-83.0,40.0,{"1-0": 8.352135170278972, "2-1": 124.20650352116604, "3-2": -13.826014512591165, "0-3": -118.73262417885387}
2025-08-21 16:18:01,1.75,-87.0,39.0,{"1-0": 6.34766408817221, "2-1": 131.82181818000342, "3-2": -21.37658732536296, "0-3": -116.79289494281268}
2025-08-21 16:18:01,1.75,-85.0,39.0,{"1-0": 5.394848828231299, "2-1": 126.83856081749859, "3-2": -4.490941477466777, "0-3": -127.74246816826312}
2025-08-21 16:18:01,1.74,-87.0,42.0,{"1-0": 3.5334761800719825, "2-1": 131.19888188702512, "3-2": -13.099206421620778, "0-3": -121.6331516454763}
2025-08-21 16:18:02,1.77,-86.0,41.0,{"1-0": 4.48669984073505, "2-1": 122.54728861580442, "3-2": -5.819041929871077, "0-3": -121.21494652666838}
2025-08-21 16:18:02,1.74,-83.0,43.0,{"1-0": 3.1284950948281955, "2-1": 126.86639312439269, "3-2": -11.757682998079805, "0-3": -118.23720522114108}
2025-08-21 16:18:02,1.74,-87.0,41.0,{"1-0": 5.596380187194859, "2-1": 124.90842546678753, "3-2": -19.79207936159744, "0-3": -110.71272629238496}
2025-08-21 16:18:02,1.75,-84.0,41.0,{"1-0": 6.505177806732422, "2-1": 122.77404433233848, "3-2": -4.494988302595732, "0-3": -124.78423383647518}
2025-08-21 16:18:02,1.75,-84.0,42.0,{"1-0": 7.251594981952913, "2-1": 127.09851473316954, "3-2": -15.111480069733073, "0-3": -119.23862964538938}
2025-08-21 16:18:02,1.74,-88.0,41.0,{"1-0": 6.085410451081003, "2-1": 125.05832030215652, "3-2": -15.46955215610411, "0-3": -115.6741785971334}
2025-08-21 16:18:02,1.74,-88.0,40.0,{"1-0": 4.515784735614786, "2-1": 122.33332078517417, "3-2": -3.1953935859026026, "0-3": -123.65371193488636}
2025-08-21 16:18:02,1.77,-85.0,41.0,{"1-0": 1.4571749523076991, "2-1": 126.50288561017155, "3-2": -3.197223232498063, "0-3": -124.7628373299812}
2025-08-21 16:18:02,1.74,-86.0,39.0,{"1-0": 5.953644482526155, "2-1": 126.61616544989528, "3-2": -12.179899885071372, "0-3": -120.38991004735009}
2025-08-21 16:18:02,1.75,-86.0,40.0,{"1-0": 4.4385478812456665, "2-1": 128.36627119519687, "3-2": -8.976901357321056, "0-3": -123.82791771912147}
2025-08-21 16:18:03,1.74,-88.0,42.0,{"1-0": 3.590096090155888, "2-1": 128.47244662265754, "3-2": -10.526553946267098, "0-3": -121.53598876654634}
2025-08-21 16:18:03,1.76,-80.0,40.0,{"1-0": 7.279445884926254, "2-1": 116.7755207490065, "3-2": 1.7160503400015503, "0-3": -125.7710169739343}
2025-08-21 16:18:03,1.76,-88.0,41.0,{"1-0": 11.319599605481262, "2-1": 131.5158725109718, "3-2": -26.008641624522856, "0-3": -116.82683049193021}
2025-08-21 16:18:03,1.74,-89.0,40.0,{"1-0": 6.805653362598879, "2-1": 119.39714270584285, "3-2": 0.5753533629247751, "0-3": -126.77814943136653}
2025-08-21 16:18:03,1.77,-87.0,42.0,{"1-0": 4.29337720448415, "2-1": 123.71392109751848, "3-2": 0.023837278642674205, "0-3": -128.03113558064527}
2025-08-21 16:18:03,1.75,-87.0,38.0,{"1-0": 7.843165690390849, "2-1": 118.89012443302124, "3-2": -4.026131933234062, "0-3": -122.70715819017802}
2025-08-21 16:18:03,1.77,-88.0,37.0,{"1-0": 6.619613597528145, "2-1": 127.94433970176574, "3-2": -5.715152730699948, "0-3": -128.84880056859393}
2025-08-21 16:18:03,1.77,-87.0,40.0,{"1-0": 0.7887357535916342, "2-1": 131.4246573497509, "3-2": -3.6199246686002247, "0-3": -128.59346843474233}
2025-08-21 16:18:03,1.76,-87.0,37.0,{"1-0": 4.544896529827931, "2-1": 125.66726584687926, "3-2": -4.999929224214185, "0-3": -125.21223315249303}
2025-08-21 16:18:04,1.75,-84.0,41.0,{"1-0": 3.6479842228856985, "2-1": 132.52906873187484, "3-2": -9.03101963865863, "0-3": -127.14603331610192}
2025-08-21 16:18:04,1.75,-88.0,40.0,{"1-0": 7.7812084608690535, "2-1": 126.75767290313736, "3-2": -14.39540535994392, "0-3": -120.1434760040625}
2025-08-21 16:18:04,1.76,-83.0,37.0,{"1-0": 7.996388848584912, "2-1": 121.56954707246997, "3-2": -0.32666170755594887, "0-3": -129.23927421349896}
2025-08-21 16:18:04,1.74,-86.0,43.0,{"1-0": 12.888963972742268, "2-1": 129.27030006625583, "3-2": -13.487498361704604, "0-3": -128.67176567729348}
2025-08-21 16:18:04,1.75,-86.0,41.0,{"1-0": 8.000785480691576, "2-1": 117.48249584146954, "3-2": -6.429007872133404, "0-3": -119.05427345002772}
2025-08-21 16:18:04,1.75,-87.0,42.0,{"1-0": 6.896796696188487, "2-1": 122.89813168776057, "3-2": -7.027484128731672, "0-3": -122.7674442552174}
2025-08-21 16:18:04,1.77,-83.0,42.0,{"1-0": 1.348404443816774, "2-1": 123.90719201720087, "3-2": -6.733302182496002, "0-3": -118.52229427852163}
2025-08-21 16:18:04,1.75,-82.0,41.0,{"1-0": 8.235823436282997, "2-1": 125.86050389459933, "3-2": -17.487783587856274, "0-3": -116.60854374302606}
2025-08-21 16:18:04,1.74,-86.0,41.0,{"1-0": 9.995038724136348, "2-1": 128.36373620655695, "3-2": -21.262011923928476, "0-3": -117.09676300676482}
2025-08-21 16:18:04,1.75,-84.0,41.0,{"1-0": 5.357419727287321, "2-1": 124.82623941661939, "3-2": -8.963591310353237, "0-3": -121.2200678335535}
2025-08-21 16:18:05,1.75,-86.0,41.0,{"1-0": 5.487620007760014, "2-1": 127.07454888831204, "3-2": -14.963422366330837, "0-3": -117.5987465297412}
2025-08-21 16:18:05,1.75,-83.0,41.0,{"1-0": 8.256333043662147, "2-1": 121.45844899218265, "3-2": -6.925907498028532, "0-3": -122.78887453781627}
2025-08-21 16:18:05,1.74,-86.0,40.0,{"1-0": 9.620323823076998, "2-1": 126.32624232442241, "3-2": -17.88673376657483, "0-3": -118.05983238092455}
2025-08-21 16:18:05,1.75,-88.0,38.0,{"1-0": 4.702333956747199, "2-1": 127.0624881774691, "3-2": -8.403069074874857, "0-3": -123.36175305934144}
2025-08-21 16:18:05,1.76,-84.0,41.0,{"1-0": 2.652214536085524, "2-1": 128.83495539770547, "3-2": -3.119024683039054, "0-3": -128.36814525075192}
2025-08-21 16:18:05,1.78,-89.0,40.0,{"1-0": 5.922734081389188, "2-1": 127.31214689128078, "3-2": -14.8006864244943, "0-3": -118.43419454817568}
2025-08-21 16:18:05,1.74,-87.0,42.0,{"1-0": 1.5945855554929693, "2-1": 125.76584237234592, "3-2": -2.3854490706605693, "0-3": -124.97497885717831}
2025-08-21 16:18:05,1.75,-84.0,42.0,{"1-0": -0.10611113501976986, "2-1": 125.876480055494, "3-2": -10.934848855948724, "0-3": -114.83552006452553}
2025-08-21 16:18:05,1.74,-87.0,40.0,{"1-0": 6.844760677624935, "2-1": 124.1067085929079, "3-2": -13.380676166633286, "0-3": -117.57079310389956}
2025-08-21 16:18:05,1.76,-90.0,39.0,{"1-0": 0.9214085231134385, "2-1": 128.5365826049368, "3-2": -9.48994070755313, "0-3": -119.96805042049711}
2025-08-21 16:18:06,1.76,-85.0,41.0,{"1-0": -1.357082498182935, "2-1": 126.97089659278868, "3-2": 1.4382375134211158, "0-3": -127.05205160802686}
2025-08-21 16:18:06,1.75,-86.0,41.0,{"1-0": 6.250879407659149, "2-1": 125.06039251963463, "3-2": -10.326137806988905, "0-3": -120.98513412030485}
2025-08-21 16:18:06,1.76,-85.0,39.0,{"1-0": 6.701123836587611, "2-1": 122.5598884090326, "3-2": -5.88709153845858, "0-3": -123.37392070716162}
2025-08-21 16:18:06,1.75,-87.0,42.0,{"1-0": 7.37640259862852, "2-1": 128.68155612686255, "3-2": -9.80255368988975, "0-3": -126.25540503560131}
2025-08-21 16:18:06,1.77,-89.0,41.0,{"1-0": 1.6046520102963258, "2-1": 123.1689783781563, "3-2": -7.030054073171656, "0-3": -117.74357631528099}
2025-08-21 16:18:06,1.74,-84.0,40.0,{"1-0": 1.996134771629584, "2-1": 123.81441206536968, "3-2": -2.03631369588288, "0-3": -123.77423314111638}
2025-08-21 16:18:06,1.77,-88.0,41.0,{"1-0": 14.552177157365934, "2-1": 121.7242645689722, "3-2": -10.166764181211224, "0-3": -126.10967754512691}
2025-08-21 16:18:06,1.74,-83.0,37.0,{"1-0": 7.236359931546401, "2-1": 119.04941815441931, "3-2": 2.2773813769438327, "0-3": -128.56315946290954}
2025-08-21 16:18:06,1.77,-86.0,40.0,{"1-0": 11.974593331903117, "2-1": 132.18395777172535, "3-2": -15.847592569250631, "0-3": -128.31095853437785}
2025-08-21 16:18:06,1.75,-89.0,40.0,{"1-0": 7.0031715850001515, "2-1": 125.14586538952811, "3-2": -8.503305593171158, "0-3": -123.6457313813571}
2025-08-21 16:18:07,1.76,-84.0,41.0,{"1-0": 3.0528227650620647, "2-1": 122.30058618470443, "3-2": 1.5969107855222904, "0-3": -126.9503197352888}
2025-08-21 16:18:07,1.75,-87.0,41.0,{"1-0": 10.67239333038666, "2-1": 122.90190336900442, "3-2": -10.527615213481756, "0-3": -123.04668148590933}
2025-08-21 16:18:07,1.76,-88.0,40.0,{"1-0": 1.0310983677510688, "2-1": 126.2957513939322, "3-2": -8.990132368109052, "0-3": -118.33671739357422}
2025-08-21 16:18:07,1.76,-88.0,42.0,{"1-0": 4.575824694063364, "2-1": 123.91939200608542, "3-2": -2.045056173928995, "0-3": -126.45016052621979}
2025-08-21 16:18:07,1.75,-85.0,40.0,{"1-0": -0.8397667954213341, "2-1": 125.14816223524252, "3-2": -5.505382488173284, "0-3": -118.8030129516479}
2025-08-21 16:18:07,1.75,-89.0,40.0,{"1-0": 7.737659876810315, "2-1": 126.59100084446224, "3-2": -11.736383026238386, "0-3": -122.5922776950342}
2025-08-21 16:18:07,1.74,-87.0,42.0,{"1-0": 0.0065341543145846104, "2-1": 125.83149917611283, "3-2": -1.498341550816128, "0-3": -124.33969177961131}
2025-08-21 16:18:07,1.74,-89.0,43.0,{"1-0": 1.7170014764773516, "2-1": 124.4689506402527, "3-2": -7.5958506027408275, "0-3": -118.59010151398921}
2025-08-21 16:18:07,1.75,-87.0,39.0,{"1-0": 1.0556389783066187, "2-1": 118.898884789178, "3-2": -1.1021577287151167, "0-3": -118.85236603876952}
2025-08-21 16:18:07,1.75,-86.0,41.0,{"1-0": 3.6041231509818603, "2-1": 128.72727699602976, "3-2": -5.803319457746172, "0-3": -126.52808068926545}
2025-08-21 16:18:08,1.75,-86.0,40.0,{"1-0": 11.386211550175984, "2-1": 119.10606364784661, "3-2": -4.046737896166623, "0-3": -126.44553730185598}
2025-08-21 16:18:08,1.76,-88.0,40.0,{"1-0": 4.775726811345769, "2-1": 127.93830122306093, "3-2": -9.320941283091987, "0-3": -123.39308675131473}
2025-08-21 16:18:08,1.75,-87.0,39.0,{"1-0": 4.9125333155812685, "2-1": 123.96232456247077, "3-2": -1.5466144826357824, "0-3": -127.32824339541624}
2025-08-21 16:18:08,1.75,-92.0,36.0,{"1-0": 9.91004016646921, "2-1": 121.94024798854574, "3-2": -2.1850037176612167, "0-3": -129.66528443735376}
2025-08-21 16:18:08,1.76,-85.0,40.0,{"1-0": -1.911013527602136, "2-1": 128.52594060407466, "3-2": 8.281668266860974, "0-3": -134.8965953433335}
2025-08-21 16:18:08,1.74,-89.0,43.0,{"1-0": 9.525962454943146, "2-1": 124.74759594992689, "3-2": -8.621068529109639, "0-3": -125.65248987576038}
2025-08-21 16:18:08,1.74,-89.0,40.0,{"1-0": 1.7134566753140992, "2-1": 118.04784261905387, "3-2": 0.21695453759425187, "0-3": -119.97825383196219}
2025-08-21 16:18:08,1.74,-86.0,38.0,{"1-0": 1.4447200640562714, "2-1": 125.08683975225209, "3-2": -1.6137138569311844, "0-3": -124.91784595937719}
2025-08-21 16:18:08,1.75,-90.0,41.0,{"1-0": 6.507311636666815, "2-1": 129.34179117781093, "3-2": -7.746289344922904, "0-3": -128.10281346955486}
2025-08-21 16:18:08,1.75,-83.0,43.0,{"1-0": -1.0220097073127978, "2-1": 123.0201840396823, "3-2": 0.39591357968762386, "0-3": -122.39408791205713}
2025-08-21 16:18:09,1.76,-87.0,41.0,{"1-0": 6.2138905277647, "2-1": 125.12216371423672, "3-2": -18.323657386029893, "0-3": -113.01239685597152}
2025-08-21 16:18:09,1.76,-85.0,40.0,{"1-0": 7.006594208887575, "2-1": 120.98752811240001, "3-2": -3.9064163051663274, "0-3": -124.08770601612125}
2025-08-21 16:18:09,1.75,-84.0,39.0,{"1-0": 3.817522221782915, "2-1": 131.0486724722491, "3-2": -15.555827683262395, "0-3": -119.31036701076962}
2025-08-21 16:18:09,1.75,-88.0,39.0,{"1-0": 10.367024914957467, "2-1": 127.07956280639029, "3-2": -13.689958040073153, "0-3": -123.75662968127459}
2025-08-21 16:18:09,1.75,-84.0,42.0,{"1-0": 3.0945380976310974, "2-1": 126.82658260890102, "3-2": -4.247588621158748, "0-3": -125.67353208537337}
2025-08-21 16:18:09,1.76,-89.0,40.0,{"1-0": 4.596493309824174, "2-1": 127.2863946666485, "3-2": -17.66743197936951, "0-3": -114.21545599710316}
2025-08-21 16:18:09,1.74,-85.0,41.0,{"1-0": -0.6775727068714079, "2-1": 126.94037568194659, "3-2": -3.8457871957327168, "0-3": -122.41701577934248}
2025-08-21 16:18:09,1.76,-88.0,41.0,{"1-0": 10.219118019484371, "2-1": 122.11042862852467, "3-2": -9.523998207678991, "0-3": -122.80554844033006}
2025-08-21 16:18:09,1.74,-90.0,39.0,{"1-0": 3.149355750120487, "2-1": 122.21034611827065, "3-2": -3.204342774013439, "0-3": -122.15535909437772}
2025-08-21 16:18:09,1.76,-86.0,42.0,{"1-0": 2.6936254843246377, "2-1": 123.39077489324781, "3-2": 4.7236126969054855, "0-3": -130.80801307447794}
2025-08-21 16:18:10,1.75,-88.0,41.0,{"1-0": 4.635191441331494, "2-1": 122.68188416042038, "3-2": -9.597240699782539, "0-3": -117.71983490196934}
2025-08-21 16:18:10,1.76,-87.0,42.0,{"1-0": 3.620237075561835, "2-1": 122.58415557820972, "3-2": -3.4193561431810173, "0-3": -122.78503651059056}
2025-08-21 16:18:10,1.76,-84.0,41.0,{"1-0": 0.010709471937354371, "2-1": 125.9445242321176, "3-2": -8.873126911531365, "0-3": -117.08210679252359}
2025-08-21 16:18:10,1.75,-86.0,43.0,{"1-0": 6.554683572721844, "2-1": 127.09639805434216, "3-2": -16.041380535469674, "0-3": -117.60970109159432}
2025-08-21 16:18:10,1.75,-88.0,39.0,{"1-0": 7.588663848402958, "2-1": 119.42886629553665, "3-2": -7.556367967057503, "0-3": -119.46116217688211}
2025-08-21 16:18:10,1.74,-85.0,38.0,{"1-0": 0.9971296992964684, "2-1": 129.19245861863698, "3-2": -4.082474463518464, "0-3": -126.10711385441498}
2025-08-21 16:18:10,1.77,-88.0,41.0,{"1-0": 8.358331750182458, "2-1": 129.2906762536706, "3-2": -12.034577600814986, "0-3": -125.6144304030381}
2025-08-21 16:18:10,1.75,-82.0,39.0,{"1-0": 1.9045207191984894, "2-1": 124.33263230046802, "3-2": -5.180191028006805, "0-3": -121.0569619916597}
2025-08-21 16:18:10,1.76,-83.0,42.0,{"1-0": 12.840375880282412, "2-1": 127.84624759376675, "3-2": -17.7867747423025, "0-3": -122.89984873174666}
2025-08-21 16:18:10,1.75,-84.0,42.0,{"1-0": 11.902832675226428, "2-1": 122.90035209780879, "3-2": -14.906849540841296, "0-3": -119.89633523219393}
2025-08-21 16:18:11,1.76,-84.0,40.0,{"1-0": 8.400728284855163, "2-1": 121.79863790316445, "3-2": -12.270374115727577, "0-3": -117.92899207229203}
2025-08-21 16:18:11,1.75,-82.0,40.0,{"1-0": 11.679825901795972, "2-1": 123.80795080068928, "3-2": -12.01429230968222, "0-3": -123.47348439280304}
2025-08-21 16:18:11,1.75,-90.0,40.0,{"1-0": 8.273046057933119, "2-1": 130.55943864948168, "3-2": -21.989392372763632, "0-3": -116.84309233465115}
2025-08-21 16:18:11,1.75,-85.0,40.0,{"1-0": 1.1366636982355414, "2-1": 122.89910933867613, "3-2": 3.538817641236215, "0-3": -127.57459067814789}
2025-08-21 16:18:11,1.74,-86.0,41.0,{"1-0": 6.255654500182997, "2-1": 126.81350490259743, "3-2": -11.480631771436677, "0-3": -121.58852763134375}
2025-08-21 16:18:11,1.76,-86.0,41.0,{"1-0": 8.530647295615191, "2-1": 122.64123998519986, "3-2": -7.68430527470649, "0-3": -123.48758200610855}
2025-08-21 16:18:11,1.75,-86.0,41.0,{"1-0": 11.26548800282418, "2-1": 119.28473400548626, "3-2": -3.3619398204619593, "0-3": -127.18828218784847}
2025-08-21 16:18:11,1.76,-85.0,41.0,{"1-0": -1.1794483780773377, "2-1": 131.6677434629613, "3-2": -14.578198219523692, "0-3": -115.91009686536026}
2025-08-21 16:18:11,1.75,-84.0,39.0,{"1-0": 3.763297715281259, "2-1": 127.44234025708421, "3-2": -12.742159314855133, "0-3": -118.46347865751034}
2025-08-21 16:18:11,1.76,-87.0,39.0,{"1-0": 1.7247918741915305, "2-1": 135.5757973833058, "3-2": -20.523588515881947, "0-3": -116.77700074161538}
2025-08-21 16:18:12,1.76,-87.0,40.0,{"1-0": 5.981239409772399, "2-1": 126.19943751115507, "3-2": -6.211380640205416, "0-3": -125.96929628072205}
2025-08-21 16:18:12,1.75,-82.0,39.0,{"1-0": -0.07857587139207459, "2-1": 130.36254596409657, "3-2": -11.666679503874871, "0-3": -118.61729058882959}
2025-08-21 16:18:12,1.76,-85.0,39.0,{"1-0": 10.06393173076755, "2-1": 130.95709170228602, "3-2": -19.12245300766297, "0-3": -121.89857042539057}
2025-08-21 16:18:12,1.74,-85.0,42.0,{"1-0": 10.992113573260912, "2-1": 125.05922843544232, "3-2": -8.386088939748289, "0-3": -127.66525306895494}
2025-08-21 16:18:12,1.76,-82.0,40.0,{"1-0": 4.745660085540351, "2-1": 125.06792271600905, "3-2": -11.317772251359244, "0-3": -118.49581055019016}
2025-08-21 16:18:12,1.75,-82.0,40.0,{"1-0": 15.418492322217269, "2-1": 122.28412309573801, "3-2": -13.305540260925449, "0-3": -124.39707515702985}
2025-08-21 16:18:12,1.75,-83.0,41.0,{"1-0": 13.333402461893339, "2-1": 126.49641381987713, "3-2": -16.41145496376924, "0-3": -123.41836131800125}
2025-08-21 16:18:12,1.75,-84.0,44.0,{"1-0": 6.243220652767355, "2-1": 128.73754495041283, "3-2": -19.806545811803893, "0-3": -115.17421979137629}
2025-08-21 16:18:12,1.75,-88.0,38.0,{"1-0": 1.4269370070228329, "2-1": 125.96235270088573, "3-2": -17.811806511552902, "0-3": -109.57748319635563}
2025-08-21 16:18:13,1.74,-87.0,42.0,{"1-0": 5.513790067796824, "2-1": 126.92893724023274, "3-2": -2.583833475094166, "0-3": -129.85889383293542}
2025-08-21 16:18:13,1.77,-89.0,40.0,{"1-0": 5.896361033098959, "2-1": 120.19111067654106, "3-2": -3.905251360376535, "0-3": -122.18222034926349}
2025-08-21 16:18:13,1.76,-83.0,43.0,{"1-0": 1.1414342295866553, "2-1": 124.26585324310798, "3-2": 0.6178635071063081, "0-3": -126.02515097980094}
2025-08-21 16:18:13,1.75,-86.0,41.0,{"1-0": 8.615951533148761, "2-1": 124.24765977537687, "3-2": -18.32703303460277, "0-3": -114.53657827392287}
2025-08-21 16:18:13,1.77,-87.0,38.0,{"1-0": 2.513849214600192, "2-1": 127.05105123359344, "3-2": -10.608445864683667, "0-3": -118.95645458350997}
2025-08-21 16:18:13,1.78,-86.0,39.0,{"1-0": 3.3336708682129346, "2-1": 130.85036599692378, "3-2": -8.54449399194121, "0-3": -125.63954287319548}
2025-08-21 16:18:13,1.78,-87.0,40.0,{"1-0": 2.307015123392201, "2-1": 131.00746646585196, "3-2": -11.289062639134224, "0-3": -122.02541895010994}
2025-08-21 16:18:13,1.75,-85.0,41.0,{"1-0": 5.992624180237018, "2-1": 123.89490819440216, "3-2": -3.2279639295508953, "0-3": -126.65956844508828}
2025-08-21 16:18:13,1.76,-87.0,38.0,{"1-0": 7.562242378500194, "2-1": 124.14054185922534, "3-2": -10.820281396191136, "0-3": -120.8825028415344}
2025-08-21 16:18:14,1.75,-86.0,41.0,{"1-0": 2.741514135461808, "2-1": 130.75705834226952, "3-2": -7.4693590833006045, "0-3": -126.02921339443073}
2025-08-21 16:18:14,1.75,-90.0,41.0,{"1-0": 2.1353178551647596, "2-1": 128.14169526076867, "3-2": -11.134678644391473, "0-3": -119.14233447154197}
2025-08-21 16:18:14,1.76,-87.0,42.0,{"1-0": 2.6449051812902753, "2-1": 118.345511973103, "3-2": 6.224503841751499, "0-3": -127.21492099614477}
2025-08-21 16:18:14,1.76,-89.0,38.0,{"1-0": 5.870554830609205, "2-1": 120.04338479949062, "3-2": -4.740364995918165, "0-3": -121.17357463418166}
2025-08-21 16:18:14,1.76,-82.0,43.0,{"1-0": 12.196793557193153, "2-1": 117.66101129019714, "3-2": 9.638746297173457, "0-3": -139.49655114456374}
2025-08-21 16:18:14,1.74,-86.0,42.0,{"1-0": 10.546829559997636, "2-1": 121.82085048122417, "3-2": -19.06451608134583, "0-3": -113.30316395987596}
2025-08-21 16:18:14,1.75,-86.0,40.0,{"1-0": 7.60476443600191, "2-1": 121.08283846268843, "3-2": -6.630130463499297, "0-3": -122.05747243519104}
2025-08-21 16:18:14,1.77,-85.0,40.0,{"1-0": 2.244135151075619, "2-1": 127.98444967925171, "3-2": -9.893920348933248, "0-3": -120.33466448139406}
2025-08-21 16:18:15,1.76,-85.0,42.0,{"1-0": 10.776892584287733, "2-1": 122.31615284595982, "3-2": -5.986355003463598, "0-3": -127.10669042678396}
2025-08-21 16:18:15,1.75,-81.0,42.0,{"1-0": 8.936245557776907, "2-1": 122.39934376977538, "3-2": -10.580311786404263, "0-3": -120.75527754114805}
2025-08-21 16:18:15,1.75,-89.0,38.0,{"1-0": 11.484677990432898, "2-1": 125.53699984208127, "3-2": -22.968405526347947, "0-3": -114.05327230616624}
2025-08-21 16:18:15,1.76,-82.0,45.0,{"1-0": 0.6528907780178503, "2-1": 129.1587006586527, "3-2": -0.6400300256707437, "0-3": -129.1715614109998}
2025-08-21 16:18:15,1.75,-85.0,41.0,{"1-0": 14.793557905338622, "2-1": 115.37440639011632, "3-2": -15.2800664863293, "0-3": -114.88789780912565}
2025-08-21 16:18:15,1.75,-85.0,41.0,{"1-0": 10.256135123873696, "2-1": 122.65470225981608, "3-2": -10.015586972565975, "0-3": -122.89525041112378}
2025-08-21 16:18:15,1.75,-84.0,38.0,{"1-0": 3.4929638733900323, "2-1": 127.68897571573689, "3-2": -13.605661600378737, "0-3": -117.57627798874816}
2025-08-21 16:18:15,1.76,-84.0,41.0,{"1-0": 9.312986276871772, "2-1": 130.54291061856486, "3-2": -12.531551048901283, "0-3": -127.32434584653534}
2025-08-21 16:18:15,1.75,-88.0,42.0,{"1-0": 6.718376600634299, "2-1": 126.70348412761795, "3-2": -16.20463217333214, "0-3": -117.2172285549201}
2025-08-21 16:18:15,1.75,-84.0,41.0,{"1-0": 6.652974872560103, "2-1": 118.50975763541629, "3-2": 0.03425751076948359, "0-3": -125.19699001874588}
2025-08-21 16:18:16,1.76,-86.0,42.0,{"1-0": 8.395712870914913, "2-1": 125.10453361975208, "3-2": -12.59530641588644, "0-3": -120.90494007478054}
2025-08-21 16:18:16,1.76,-88.0,40.0,{"1-0": 7.254361453858402, "2-1": 120.95485680906586, "3-2": -7.754997506628949, "0-3": -120.4542207562953}
2025-08-21 16:18:16,1.76,-91.0,39.0,{"1-0": 6.0972934307481905, "2-1": 122.22353053736303, "3-2": -0.8878800877732665, "0-3": -127.43294388033793}
2025-08-21 16:18:16,1.75,-88.0,38.0,{"1-0": -4.6997406138422395, "2-1": 128.64004578426974, "3-2": 1.7996295419582224, "0-3": -125.73993471238572}
2025-08-21 16:18:16,1.76,-86.0,41.0,{"1-0": 6.278019131817004, "2-1": 125.16241260404341, "3-2": -0.25613698719884975, "0-3": -131.18429474866156}
2025-08-21 16:18:16,1.75,-82.0,41.0,{"1-0": 4.656644159177765, "2-1": 124.97342279679977, "3-2": -9.743384123726699, "0-3": -119.88668283225081}
2025-08-21 16:18:16,1.75,-85.0,43.0,{"1-0": 7.578414371968736, "2-1": 129.60263638244393, "3-2": -21.0729838260606, "0-3": -116.10806692835206}
2025-08-21 16:18:16,1.75,-85.0,42.0,{"1-0": 8.946632915075268, "2-1": 118.331246998546, "3-2": -7.136613174858813, "0-3": -120.14126673876248}
2025-08-21 16:18:16,1.76,-84.0,41.0,{"1-0": 6.325725815249785, "2-1": 123.31481841709807, "3-2": -11.484866377558888, "0-3": -118.15567785478898}
2025-08-21 16:18:16,1.75,-84.0,40.0,{"1-0": 11.497036605087983, "2-1": 123.29984968047553, "3-2": -11.542921095645658, "0-3": -123.25396518991786}
2025-08-21 16:18:17,1.75,-84.0,42.0,{"1-0": 9.890481541760451, "2-1": 125.2553216086693, "3-2": -11.70257393867093, "0-3": -123.44322921175882}
2025-08-21 16:18:17,1.74,-88.0,42.0,{"1-0": 3.87738113669362, "2-1": 128.622015878083, "3-2": -19.55324546118922, "0-3": -112.94615155358741}
2025-08-21 16:18:17,1.75,-86.0,41.0,{"1-0": 1.4602958534360861, "2-1": 122.1337434919555, "3-2": -4.994563328817311, "0-3": -118.59947601657427}
2025-08-21 16:18:17,1.74,-86.0,40.0,{"1-0": 5.2055377367604345, "2-1": 124.72863246407658, "3-2": -7.407539583518491, "0-3": -122.52663061731855}
2025-08-21 16:18:17,1.75,-87.0,40.0,{"1-0": 3.2363123213564746, "2-1": 128.27272417274096, "3-2": -9.941445446872173, "0-3": -121.56759104722524}
2025-08-21 16:18:17,1.74,-86.0,42.0,{"1-0": 3.0976214501406645, "2-1": 127.48806422574634, "3-2": -7.628705663889915, "0-3": -122.9569800119971}
2025-08-21 16:18:17,1.74,-85.0,41.0,{"1-0": 9.42478105559838, "2-1": 119.99082573725313, "3-2": -6.695500223435123, "0-3": -122.7201065694164}
2025-08-21 16:18:17,1.75,-84.0,41.0,{"1-0": 9.824406862060393, "2-1": 121.83072755625683, "3-2": -8.399914032134621, "0-3": -123.25522038618261}
2025-08-21 16:18:17,1.76,-84.0,41.0,{"1-0": 7.5653847290262135, "2-1": 124.69691189742127, "3-2": -13.082327668324925, "0-3": -119.17996895812254}
2025-08-21 16:18:17,1.76,-83.0,40.0,{"1-0": 6.751416458038855, "2-1": 127.2399884590975, "3-2": -16.623827803433308, "0-3": -117.36757711370304}
2025-08-21 16:18:18,1.75,-81.0,40.0,{"1-0": 5.800756398853671, "2-1": 132.0093733294618, "3-2": -19.24018808117916, "0-3": -118.56994164713632}
2025-08-21 16:18:18,1.77,-83.0,42.0,{"1-0": 11.996231809135006, "2-1": 129.4225680803741, "3-2": -24.03168557556108, "0-3": -117.38711431394803}
2025-08-21 16:18:18,1.77,-87.0,41.0,{"1-0": 7.3541334943758265, "2-1": 125.51073023939942, "3-2": -17.292275162574605, "0-3": -115.57258857120064}
2025-08-21 16:18:18,1.76,-85.0,40.0,{"1-0": 4.228084700307251, "2-1": 123.55220274036289, "3-2": -4.064491125838608, "0-3": -123.71579631483151}
2025-08-21 16:18:18,1.75,-85.0,39.0,{"1-0": 5.464091332347774, "2-1": 127.89733266680132, "3-2": -13.387565806605938, "0-3": -119.97385819254318}
2025-08-21 16:18:18,1.76,-80.0,41.0,{"1-0": 8.440484075956862, "2-1": 126.94139757173178, "3-2": -11.024849566378101, "0-3": -124.35703208131052}
2025-08-21 16:18:18,1.76,-81.0,40.0,{"1-0": 15.887885543137617, "2-1": 124.8918072608899, "3-2": -20.78597329410843, "0-3": -119.99371950991907}
2025-08-21 16:18:18,1.77,-87.0,43.0,{"1-0": 11.619844986059954, "2-1": 129.1644185109692, "3-2": -21.82815897901184, "0-3": -118.95610451801731}
2025-08-21 16:18:18,1.76,-83.0,41.0,{"1-0": 11.713003240462387, "2-1": 112.82849886279224, "3-2": 0.2914835413738002, "0-3": -124.83298564462844}
2025-08-21 16:18:18,1.75,-84.0,40.0,{"1-0": 3.068721446572239, "2-1": 133.51534292601352, "3-2": -23.122674880508868, "0-3": -113.4613894920769}
2025-08-21 16:18:19,1.75,-88.0,39.0,{"1-0": 9.034213840807771, "2-1": 125.90149133494793, "3-2": -12.56928252685628, "0-3": -122.36642264889943}
2025-08-21 16:18:19,1.77,-88.0,40.0,{"1-0": 5.048358038296384, "2-1": 126.1841105831939, "3-2": -3.0890037486742226, "0-3": -128.14346487281605}
2025-08-21 16:18:19,1.75,-85.0,41.0,{"1-0": 2.0880056709700856, "2-1": 126.58001707220765, "3-2": -4.1816326882072845, "0-3": -124.48639005497043}
2025-08-21 16:18:19,1.75,-85.0,43.0,{"1-0": 5.343179983978274, "2-1": 127.02300208454697, "3-2": -14.264878667878756, "0-3": -118.1013034006465}
2025-08-21 16:18:19,1.74,-84.0,41.0,{"1-0": 7.632859278537549, "2-1": 119.15069611747568, "3-2": -8.849539056535454, "0-3": -117.93401633947775}
2025-08-21 16:18:19,1.74,-86.0,41.0,{"1-0": 12.841454455379244, "2-1": 120.90137242728136, "3-2": -7.9669558396383975, "0-3": -125.77587104302222}
2025-08-21 16:18:19,1.75,-89.0,39.0,{"1-0": 2.1632191910720255, "2-1": 126.48895552437043, "3-2": -10.328135076008387, "0-3": -118.32403963943406}
